Chunk,Sample_Text,FACI,Fitness,BT,BERT,Budget,Mask,Sem,Ent,Pri,LR
0,"I notified Experian of an inaccuracy on my report by national credit adjust. This same account was reported to Experian by another company, XXXX XXXX XXXX XXXX which was deleted on XX/XX/2019 because it was proven invalid. Experian created what they called an investigation which lead to the incorrect/fraud info to remain on my report after they deleted this same info by another collection agency previously. This information is completely false and should not remain on my credit. Please help!",0.08373780027724567,0.0,0.0,0.0,0.0,0.0,0.8,0.8,0.0,2e-05
1,"I have contacted this bureau multiple times requesting an investigation to verify the debt and ask who opened and signed for these accounts. I also ask them to remove these fraudulent accounts reporting in my consumer file that do not belong to me. They have not mailed me any results and have yet to contact me regarding this matter. They are not cooperating with me at all. The accounts listed below were opened in result of identity theft. It is hindering me from obtaining credit and I need this removed asap. The accounts are listed here below. XXXX   XXXX XXXX : XXXX XXXX XXXX XXXX XXXX XXXX XXXX XXXX ( XXXX, XXXX ) XXXX/XXXX : XXXX XXXX/XXXX : XXXX XXXX XXXX/XXXX : XXXX XXXX/XXXX XXXX XXXX XXXX XXXX XXXX : XXXX XXXX XXXX/XXXX XXXX : XXXX XXXX : XXXX Dept of ED : XXXX ( XXXX ), ( XXXX ), ( XXXX ), ( XXXX ), ( XXXX ) Bankruptcy XXXX XXXX XXXX : XXXX XXXX  : XXXX XXXX/XXXX XXXX Dept of Ed : XXXX XXXX   XXXX/XXXX XXXX : XXXX, XXXX XXXX XXXX : XXXX, XXXX XXXX XXXX XXXX : XXXX XXXX XXXX : XXXX.",0.07918929716438615,0.0,0.0,0.0,0.0,0.0,0.8,0.8,0.0,2e-05
2,"On or about XX/XX/XXXX, I noticed there were at least 13 unauthorized charges on my checking account. These charges were made once per month dating back to at least XXXX of XXXX in the amount of {$29.00} each. The name of the vendor changed each month so it was difficult to detect and I did not recognize any of them. I then called Capital One to initiate a dispute. Capital One then gave me a provisional credit for each charge including interest. However on XX/XX/XXXX without my knowledge or consent, Capital One reversed 3 of those credits for the fraudulent charges for the amount of {$29.00} each, totaling {$89.00}. I did not not receive any explanation as to why these credits were reversed. These charges were fraudulent and not authorized by me so Capital One should refund the money. It is very concerning to have your money stolen not only by thieves but also by the bank itself. The charges in question which you can see on the attached statement are for XXXX XXXX, XXXX, XXXX, and XXXX. I did not use any of these services or ever authorize payments to these vendors.",0.05892897824350196,0.0,0.0,0.0,0.0,0.0,0.8,0.8,0.0,2e-05
3,"Hi, I am a victim of identity theft, and I am requesting that all of the information be removed or blocked immediately. The attached report from identitytheft.gov is included.",0.06136134540211812,0.0,0.0,0.0,0.0,0.0,0.8,0.8,0.0,2e-05
4,"I notified Experian of an inaccuracy on my report by national credit adjust. This same account was reported to Experian by another company, XXXX XXXX XXXX XXXX which was deleted on XX/XX/2019 because it was proven invalid. Experian created what they called an investigation which lead to the incorrect/fraud info to remain on my report after they deleted this same info by another collection agency previously. This information is completely false and should not remain on my credit. Please help!",0.07077295582257931,0.0,0.0,0.0,0.0,0.0,0.8,0.8,0.0,2e-05
0,"I decided to pull my credit because every single time I would apply for a credit card I would get denied. To the best of my knowledge I have always paid my bills on time. So, I know for a fact that these things showing on my report do not belong to me. These accounts were fraudulently made without my consent. Please remove these accounts from my report as soon as possible. XXXX {$3100.00} XXXX  XXXX {$1100.00} XXXX XXXX {$220.00}",0.07331939498694827,0.0,0.0,0.0,0.0,0.0,0.8,0.8,0.0,2e-05
1,"This is my first endeavor to tell you that I am a victim of identity theft and I complain to question specific records in my document coming about because of the wrongdoing. The records I am questioning connect with no exchanges acquiring any possession of goods, services or money that I have made or authorized. Assuming no one cares either way, block the noteworthy of any information in my credit record that came about due to an alleged fraud or extortion. 
XXXX XXXXXXXX XXXX XXXX XXXX XXXX XXXX, FL XXXX XXXX XXXXXXXX XXXX XXXX XXXXXXXX, FL XXXX XXXXXXXX XXXX XXXX XXXX XXXX XXXX XXXXXXXX XXXX, FL XXXX XXXX XXXX XXXX, FL XXXX XXXX XXXX XXXX, FL XXXX XXXX XXXX XXXX XXXX XXXXXXXX, FL XXXX XXXX XXXX XXXXXXXX XXXX XXXX  FL XXXX XXXX XXXX XXXX XXXX XXXX XXXXXXXX XXXX, FL XXXX XXXX XXXX XXXX Balance Owed : {$0.00} XXXX XXXX XXXX Balance Owed : {$7400.00} XXXX XXXX XXXX XXXX XXXX Balance Owed : {$0.00} XXXX XXXX Balance Owed : {$2800.00} XXXX XXXX XXXX  Balance Owed : {$370.00} XXXX XXXX XXXX Balance Owed : {$730.00XXXX XXXX XXXX Balance Owed : {$370.00} XXXX XXXX XXXX XXXX XXXX XXXX XXXX XXXX XXXX",0.06935507088351249,0.0,0.0,0.0,0.0,0.0,0.8,0.8,0.0,2e-05
2,Kindly address this issue on my credit report. I assert that this account is not mine and believe it to be fraudulent. I urge you to correct this mistake and have provided supporting documents for verification.,0.058699897396450165,0.0,0.0,0.0,0.0,0.0,0.8,0.8,0.0,2e-05
3,"Four times this year, someone has been able to access my credit card account and change my address to get another credit card and 1 time in XXXX that tried to use it to get {$250.00} if the card. Even though I have a freeze on my account, and they are suppose to send a code to my phone to make any changes. 3 times it was for an address in XXXX and 1 time it was for an address in XXXX, XXXX, which I haven't lived in XXXX, XXXX in almost 9 years. I just found out on XX/XX/2018, that someone tried to get another card from my account, even thought I have a fraud alert and I froze my account. Everytime this happens it lowers my credit score. I have a XXXX credit score and I'm trying to buy a house. I don't want to close this account as it will lower my score even more. I have 7 credit cards and this is the only one that keeps getting hacked. I'm thinking now that it is an inside job. No matter how my alerts or freezes I put on this account, even changing the name to my married name, someone is still able to access this account. They have sent me 4 new cards and it hasn't done any good. I WANT THIS TO STOP. I'm going to pay this account off and never use this account again. I shouldn't have to do this.",0.07420279055376838,0.0,0.0,0.0,0.0,0.0,0.8,0.8,0.0,2e-05
4,"On XX/XX/18, I filed a complaint with Consumer Finance Protection Bureau ; XXXX ( complaint number ), regarding "" Ad Astra Recovery Service '', falsifying information on my credit report that they never "" Validated '' as belonging to me. In their response to the Consumer Finance Protection Bureau, on XX/XX/18 ; Ad Astra Recovery Service, stated they requested to the bureaus to delete from my credit report. They  never deleted this account from my XXXX credit report. This continue to be a "" Fraudulent '' company. I have attached the XXXX  report showing they are telling XXXX to keep this false information on my credit report illegally, according to the "" Fair Debt Collections Practices Act ''. I am requesting to have this information forwarded to "" the Attorney General 's Office, and to forward to Federal Trade Commission immediately.",0.06604177593610053,0.0,0.0,0.0,0.0,0.0,0.8,0.8,0.0,2e-05
5,"Hi, I am a victim of identity theft, and I am requesting that all of the information be removed or blocked immediately. The attached report from identitytheft.gov is included.",0.09348215727218553,0.0,0.0,0.0,0.0,0.0,0.8,0.8,0.0,2e-05
6,"I have contacted this bureau multiple times requesting an investigation to verify the debt and ask who opened and signed for these accounts. I also ask them to remove these fraudulent accounts reporting in my consumer file that do not belong to me. They have not mailed me any results and have yet to contact me regarding this matter. They are not cooperating with me at all. The accounts listed below were opened in result of identity theft. It is hindering me from obtaining credit and I need this removed asap. The accounts are listed here below. XXXX   XXXX XXXX : XXXX XXXX XXXX XXXX XXXX XXXX XXXX XXXX ( XXXX, XXXX ) XXXX/XXXX : XXXX XXXX/XXXX : XXXX XXXX XXXX/XXXX : XXXX XXXX/XXXX XXXX XXXX XXXX XXXX XXXX : XXXX XXXX XXXX/XXXX XXXX : XXXX XXXX : XXXX Dept of ED : XXXX ( XXXX ), ( XXXX ), ( XXXX ), ( XXXX ), ( XXXX ) Bankruptcy XXXX XXXX XXXX : XXXX XXXX  : XXXX XXXX/XXXX XXXX Dept of Ed : XXXX XXXX   XXXX/XXXX XXXX : XXXX, XXXX XXXX XXXX : XXXX, XXXX XXXX XXXX XXXX : XXXX XXXX XXXX : XXXX.",0.0600254318706987,0.0,0.0,0.0,0.0,0.0,0.8,0.8,0.0,2e-05
7,"I was incarcerated for almost 10 years. I was released XXXX. All my information was stolen and accounts have been opened and debts accumulated beyond belief! This is a very frustrating process. This complaint is for XXXX  and XXXX XXXX signs. They have listed multiple accounts as well as bad checks. US Bank, XXXX XXXX, XXXX XXXX XXXX, XXXX XXXX and a bad check to XXXX.",0.06701013894709588,0.0,0.0,0.0,0.0,0.0,0.8,0.8,0.0,2e-05
8,"I notified Experian of an inaccuracy on my report by national credit adjust. This same account was reported to Experian by another company, XXXX XXXX XXXX XXXX which was deleted on XX/XX/2019 because it was proven invalid. Experian created what they called an investigation which lead to the incorrect/fraud info to remain on my report after they deleted this same info by another collection agency previously. This information is completely false and should not remain on my credit. Please help!",0.06735789501375927,0.0,0.0,0.0,0.0,0.0,0.8,0.8,0.0,2e-05
9,Kindly address this issue on my credit report. I assert that this account is not mine and believe it to be fraudulent. I urge you to correct this mistake and have provided supporting documents for verification.,0.0638189616152343,0.0,0.0,0.0,0.0,0.0,0.8,0.8,0.0,2e-05
